{"guid":"root________","title":"","index":0,"dateAdded":1572944952253000,"lastModified":1572947726994000,"id":1,"typeCode":2,"type":"text/x-moz-place-container","root":"placesRoot","children":[{"guid":"menu________","title":"menu","index":0,"dateAdded":1572944952253000,"lastModified":1572944953540000,"id":2,"typeCode":2,"type":"text/x-moz-place-container","root":"bookmarksMenuFolder","children":[{"guid":"FwBmZQsWjL_s","title":"Mozilla Firefox","index":0,"dateAdded":1572944953540000,"lastModified":1572944953540000,"id":7,"typeCode":2,"type":"text/x-moz-place-container","children":[{"guid":"UPJJJayCLPUI","title":"Aide et didacticiels","index":0,"dateAdded":1572944953540000,"lastModified":1572944953540000,"id":8,"typeCode":1,"iconuri":"fake-favicon-uri:https://support.mozilla.org/fr/products/firefox","type":"text/x-moz-place","uri":"https://support.mozilla.org/fr/products/firefox"},{"guid":"_mBE1s93kyLE","title":"Personnaliser Firefox","index":1,"dateAdded":1572944953540000,"lastModified":1572944953540000,"id":9,"typeCode":1,"iconuri":"fake-favicon-uri:https://support.mozilla.org/fr/kb/customize-firefox-controls-buttons-and-toolbars?utm_source=firefox-browser&utm_medium=default-bookmarks&utm_campaign=customize","type":"text/x-moz-place","uri":"https://support.mozilla.org/fr/kb/customize-firefox-controls-buttons-and-toolbars?utm_source=firefox-browser&utm_medium=default-bookmarks&utm_campaign=customize"},{"guid":"rLQTW6zD7rNa","title":"Contribuer","index":2,"dateAdded":1572944953540000,"lastModified":1572944953540000,"id":10,"typeCode":1,"iconuri":"fake-favicon-uri:https://www.mozilla.org/fr/contribute/","type":"text/x-moz-place","uri":"https://www.mozilla.org/fr/contribute/"},{"guid":"JpBVcm7U5btq","title":"À propos de Mozilla","index":3,"dateAdded":1572944953540000,"lastModified":1572944953540000,"id":11,"typeCode":1,"iconuri":"fake-favicon-uri:https://www.mozilla.org/fr/about/","type":"text/x-moz-place","uri":"https://www.mozilla.org/fr/about/"}]},{"guid":"5iiaQ8IckROn","title":"Ubuntu and Free Software links","index":1,"dateAdded":1572944953540000,"lastModified":1572944953540000,"id":12,"typeCode":2,"type":"text/x-moz-place-container","children":[{"guid":"tq4Hw6SO5ONX","title":"Ubuntu","index":0,"dateAdded":1572944953540000,"lastModified":1572944953540000,"id":13,"typeCode":1,"iconuri":"fake-favicon-uri:http://www.ubuntu.com/","type":"text/x-moz-place","uri":"http://www.ubuntu.com/"},{"guid":"t3JDBdTD-Beh","title":"Ubuntu Wiki (community-edited website)","index":1,"dateAdded":1572944953540000,"lastModified":1572944953540000,"id":14,"typeCode":1,"iconuri":"fake-favicon-uri:http://wiki.ubuntu.com/","type":"text/x-moz-place","uri":"http://wiki.ubuntu.com/"},{"guid":"WwVe1qTnOHYo","title":"Make a Support Request to the Ubuntu Community","index":2,"dateAdded":1572944953540000,"lastModified":1572944953540000,"id":15,"typeCode":1,"iconuri":"fake-favicon-uri:https://answers.launchpad.net/ubuntu/+addquestion","type":"text/x-moz-place","uri":"https://answers.launchpad.net/ubuntu/+addquestion"},{"guid":"H6A2qWmHFszn","title":"Debian (Ubuntu is based on Debian)","index":3,"dateAdded":1572944953540000,"lastModified":1572944953540000,"id":16,"typeCode":1,"iconuri":"fake-favicon-uri:http://www.debian.org/","type":"text/x-moz-place","uri":"http://www.debian.org/"}]}]},{"guid":"toolbar_____","title":"toolbar","index":1,"dateAdded":1572944952253000,"lastModified":1572947726994000,"id":3,"typeCode":2,"type":"text/x-moz-place-container","root":"toolbarFolder","children":[{"guid":"HbzTay4qJ--l","title":"MIT App Inventor","index":0,"dateAdded":1572947610454000,"lastModified":1572947784287000,"id":18,"typeCode":1,"type":"text/x-moz-place","uri":"https://appinventor.mit.edu/"},{"guid":"JfdNSvApwAKd","title":"SCRATCH","index":1,"dateAdded":1572947627025000,"lastModified":1572947739252000,"id":19,"typeCode":1,"type":"text/x-moz-place","uri":"https://scratch.mit.edu/projects/editor/?tutorial=getStarted"},{"guid":"XKW0-txJvSoh","title":"SCRATCH - tuto","index":2,"dateAdded":1572947643158000,"lastModified":1572947752354000,"id":20,"typeCode":1,"type":"text/x-moz-place","uri":"https://scratch.mit.edu/"},{"guid":"aZV0QbeuCSsf","title":"Débutant - Google Drive","index":3,"dateAdded":1572947677794000,"lastModified":1572947680497000,"id":21,"typeCode":1,"iconuri":"https://ssl.gstatic.com/docs/doclist/images/infinite_arrow_favicon_5.ico","type":"text/x-moz-place","uri":"https://drive.google.com/drive/folders/1bJAkY9vH01dw__wUGOdhKuvVKKHk_SGU"},{"guid":"u0wlOIvcsZK7","title":"micro:bit","index":4,"dateAdded":1572947724243000,"lastModified":1572947772379000,"id":22,"typeCode":1,"iconuri":"https://makecode.microbit.org/static/icons/apple-touch-icon.png","type":"text/x-moz-place","uri":"https://makecode.microbit.org/#editor"}]},{"guid":"unfiled_____","title":"unfiled","index":3,"dateAdded":1572944952253000,"lastModified":1572947726994000,"id":5,"typeCode":2,"type":"text/x-moz-place-container","root":"unfiledBookmarksFolder"},{"guid":"mobile______","title":"mobile","index":4,"dateAdded":1572944952283000,"lastModified":1572944953512000,"id":6,"typeCode":2,"type":"text/x-moz-place-container","root":"mobileFolder"}]}